final_species_name,Cro,A,SpC,InC,InB,SpF,DCS,PVS,DS,LS,VnS,NPRC,SbO,GF,EGFS,DHS,M,TL4,FL4,DC,nPVS,nMS,nVrS,nVnS,nInL,nPM,ncPM,nGS,nCRo,nbNSpL,nLS,ncIp,nbCoA,nSpL,nPR,nSbO,nSpC,nbSbOSpL,TL,SVL,sex,n4TL,n4FL,nS4FL,nDlT,nArT,nAlT
bad_sample,1,1,1,0,1,1,0,2,2,0,1,0,0,1,1,1,0,0,0,1,NA,NA,NA,NA,8,3,7,27,4,1,4,7,4,5,8,12,7,1,NA,NA,NA,NA,NA,NA,NA,NA,NA
bad_sample,0,1,1,1,1,1,1,3,1,1,1,0,1,1,1,1,1,0,0,1,85,71,53,44,10,4,9,54,5,1,7,10,4,11,6,20,11,1,182,94,NA,34,24,0,12,39,NA
bad_sample,1,1,1,0,1,1,1,3,1,1,0,0,NA,1,0,0,0,0,0,1,75,59,59,44,10,2,7,37,4,1,5,NA,3,10,6,NA,NA,NA,197,90,NA,33,22,3,14,41,NA
E_bibronii,1,1,1,0,0,0,0,2,0,1,0,0,0,1,0,0,0,0,0,1,81,55,57,48,10,2,6,40,4,1,5,10,3,11,7,14,10,1,134,67,NA,33,19,4,12,38,NA
E_bibronii,1,1,0,0,0,0,1,3,1,0,0,0,1,1,0,1,1,0,0,1,77,60,56,46,8,2,6,36,4,2,7,8,2,11,8,12,10,1,NA,118,NA,28,17,2,11,38,NA
E_bibronii,1,1,1,0,0,1,1,2,0,0,0,0,1,1,0,1,1,0,0,1,78,57,58,50,10,2,6,37,4,1,6,8,2,11,7,15,12,1,205,105,NA,34,22,2,13,43,117
E_bibronii,1,1,1,0,1,1,0,2,2,0,0,0,1,1,0,0,0,0,0,1,81,54,58,46,10,2,7,37,5,1,5,10,2,10,8,13,9,1,149,67,NA,32,21,4,12,34,NA
E_bibronii,1,1,1,0,0,0,0,2,0,0,0,1,1,1,0,0,0,0,0,1,91,59,56,50,12,2,7,40,4,1,7,9,2,11,6,14,11,1,169,80,NA,30,19,3,11,39,148
E_bibronii,1,1,1,0,0,1,1,3,1,0,0,0,1,1,0,1,1,0,0,1,87,59,61,55,9,2,8,40,5,1,6,9,1,11,5,17,11,2,213,97,NA,30,21,3,12,37,152
E_bibronii,0,1,1,0,0,1,1,2,2,0,0,0,1,1,0,1,1,0,0,1,86,59,64,48,9,2,7,38,4,3,6,10,2,9,7,11,11,1,224,120,NA,31,20,4,13,43,145
E_bibronii,1,1,1,0,0,0,0,3,1,0,0,0,1,1,1,0,1,0,0,1,77,60,55,46,10,2,7,38,4,1,6,7,2,11,6,11,10,1,155,69,NA,31,20,3,13,43,NA
E_bibronii,1,1,1,0,0,1,1,2,1,1,0,0,1,1,0,0,1,0,0,1,96,58,60,51,10,2,7,39,4,1,5,8,2,12,7,14,11,1,213,102,NA,30,20,3,12,44,158
E_bibronii,1,1,1,0,1,0,1,3,2,0,0,0,1,1,0,0,0,0,0,1,82,57,58,43,10,2,7,32,5,1,5,9,3,10,6,13,10,1,71,55,NA,27,18,2,10,34,NA
E_bibronii,1,1,0,0,0,1,1,3,1,1,0,0,1,1,0,1,1,0,0,1,92,60,60,48,10,2,7,39,4,1,5,9,1,10,5,11,8,1,162,115,NA,33,22,3,12,43,NA
E_bibronii,1,1,1,0,0,1,1,2,0,1,0,0,1,1,0,1,1,0,0,1,87,61,65,65,11,2,7,43,5,1,5,9,2,11,7,14,11,1,165,105,M,34,21,2,13,47,NA
E_bibronii,1,1,1,0,0,1,1,3,1,1,0,0,0,1,0,0,0,0,0,1,81,62,58,47,9,2,6,36,4,1,5,7,2,11,8,14,10,1,91,45,NA,32,22,4,12,30,149
E_bibronii,0,1,1,0,1,1,1,3,1,1,0,0,0,1,0,0,0,0,0,1,82,56,59,50,10,2,7,40,4,1,6,9,3,11,6,15,10,2,139,67,NA,30,19,4,13,39,154
E_bibronii,1,1,1,0,1,1,1,3,1,0,0,0,0,1,0,0,1,0,0,1,77,51,55,50,10,2,8,32,4,1,5,10,2,10,4,14,10,1,171,74,NA,30,18,2,11,40,146
E_bibronii,0,1,1,0,0,0,1,3,1,1,0,0,0,1,1,0,1,0,0,1,79,61,60,48,9,2,7,40,4,1,7,7,2,10,5,14,10,1,217,105,NA,31,20,2,13,40,152
E_bibronii,1,1,1,0,0,0,0,3,1,0,1,0,1,1,0,0,1,0,0,1,73,58,60,48,9,2,7,42,4,2,7,8,2,11,6,14,10,1,231,113,NA,30,19,3,12,34,141
E_bibronii,1,1,0,0,0,0,1,3,1,0,0,0,1,1,0,1,1,0,0,1,79,57,56,49,11,2,7,46,5,2,6,7,1,10,5,12,10,1,107,100,NA,36,21,3,12,44,139
E_bibronii,1,1,0,0,0,0,1,3,1,0,0,0,1,1,0,1,1,0,0,1,81,54,55,43,9,2,8,40,4,2,7,8,2,10,7,15,11,1,179,86,NA,32,21,3,13,38,NA
E_bibronii,1,1,0,0,0,0,0,2,2,0,0,1,0,1,0,1,0,0,0,1,98,75,70,49,10,2,5,49,5,2,7,9,4,10,6,15,10,1,155,80,NA,34,18,3,15,51,150
E_bibronii,1,1,0,0,0,0,0,2,2,0,0,1,0,1,0,1,1,0,0,1,NA,NA,NA,NA,7,2,7,35,4,2,4,8,3,9,7,10,9,1,138,89,NA,33,19,4,13,51,NA
E_bibronii,1,1,0,0,0,0,0,2,2,0,0,0,1,1,0,1,1,0,0,1,88,68,59,47,8,2,7,45,4,1,5,11,4,9,8,13,8,1,199,92,NA,32,22,3,14,60,164
E_bibronii,1,1,1,0,1,1,1,3,1,1,0,0,1,1,0,0,1,0,0,1,76,50,58,43,11,2,6,34,4,1,4,7,1,11,7,12,10,1,192,85,NA,28,18,3,12,37,NA
E_bilineatus,0,1,1,0,1,1,0,2,2,0,1,1,0,1,1,0,1,0,0,1,68,50,64,46,8,2,7,38,4,1,6,6,3,9,7,11,6,1,240,67,M,36,23,2,12,28,181
E_bilineatus,1,1,1,0,1,1,0,2,2,1,1,1,0,NA,NA,0,1,0,0,1,71,52,70,48,7,2,4,37,4,0,5,9,2,8,6,10,6,0,196,75,F,33,19,4,13,23,NA
E_bilineatus,1,1,1,0,1,1,0,2,2,1,1,1,0,NA,NA,0,1,0,0,1,59,46,67,47,7,2,6,40,4,2,6,7,1,8,8,10,8,1,248,82,M,33,21,3,12,22,185
E_bilineatus,1,1,1,0,1,1,0,2,2,2,1,1,0,NA,NA,0,0,0,0,1,68,46,67,48,6,2,5,41,5,1,5,9,1,7,7,10,6,1,204,84,M,34,21,5,13,28,190
E_bilineatus,1,1,1,0,1,1,0,2,2,1,1,1,0,0,NA,0,1,0,0,1,67,48,66,49,7,2,7,42,4,1,5,8,3,9,7,9,9,0,198,71,M,34,19,3,12,27,NA
E_bilineatus,1,1,1,0,1,1,0,2,2,1,1,1,0,0,NA,0,1,0,0,1,68,46,68,44,7,2,4,36,4,1,5,10,2,8,7,11,6,1,230,80,M,35,22,3,13,28,NA
E_bilineatus,1,1,1,0,1,1,0,2,2,1,1,1,0,NA,NA,0,1,0,0,1,65,43,70,44,7,2,7,41,4,1,6,7,3,9,7,9,7,0,222,75,M,33,22,3,13,22,NA
E_bilineatus,0,1,1,0,1,1,0,2,2,1,1,1,0,0,NA,0,1,0,0,1,67,50,69,48,8,2,6,38,4,1,6,9,2,7,8,14,7,1,245,77,M,33,24,2,13,28,183
E_bilineatus,0,1,1,0,1,1,0,2,2,1,1,1,1,1,1,0,1,0,0,1,60,43,65,41,6,2,4,36,4,1,5,7,3,8,8,10,8,0,223,75,M,32,20,3,12,NA,172
E_bilineatus,0,1,1,0,1,1,0,2,2,1,1,1,0,1,1,0,0,0,0,1,63,42,66,46,7,2,4,36,4,1,5,10,3,8,8,12,9,0,210,73,M,30,19,5,14,24,164
E_bilineatus,1,1,1,0,1,1,0,2,2,1,1,1,0,1,0,1,0,0,0,1,66,51,65,43,8,2,6,36,3,1,5,9,3,8,7,10,5,1,213,72,NA,35,21,4,12,26,162
E_bilineatus,1,1,1,0,1,1,0,2,2,2,1,1,0,1,1,0,0,0,0,1,55,39,61,37,7,2,6,30,4,1,5,10,3,7,6,11,5,1,185,75,NA,28,19,3,12,28,152
E_bilineatus,0,1,1,0,1,1,0,2,2,1,1,1,0,1,1,1,1,0,0,1,63,46,52,37,7,2,7,30,3,2,6,9,3,6,8,14,8,1,194,76,NA,33,23,2,12,NA,NA
E_bilineatus,0,1,1,0,1,1,0,2,2,0,1,1,0,1,0,1,0,0,0,1,53,43,69,46,7,2,6,38,4,1,6,12,4,8,6,14,7,1,227,81,NA,33,19,2,13,NA,NA
E_bilineatus,1,1,1,0,1,1,0,2,2,1,1,1,0,1,1,1,1,0,0,1,51,42,60,44,8,2,6,35,4,1,6,8,3,8,7,12,7,1,234,85,NA,34,22,1,13,28,169
E_bilineatus,0,1,1,0,1,1,0,2,2,1,1,1,0,1,1,0,1,0,0,1,69,47,60,46,8,2,7,37,4,1,5,9,2,8,8,11,6,0,237,86,NA,34,21,3,12,32,169
E_bilineatus,0,1,1,0,1,1,0,2,2,0,1,1,0,1,1,0,1,0,0,1,73,46,68,47,9,2,5,40,4,3,5,10,3,8,8,12,8,1,217,78,NA,36,23,0,13,30,171
E_bilineatus,0,1,1,0,1,1,0,2,2,0,1,1,0,1,1,0,1,0,0,1,71,49,68,42,7,2,6,40,4,1,6,9,3,8,8,8,16,1,234,76,NA,35,24,2,13,25,174
E_bilineatus,0,1,1,0,1,1,0,2,2,0,1,1,0,1,1,0,1,0,0,1,65,47,62,44,7,2,6,39,4,1,7,9,3,7,8,13,7,1,239,83,NA,35,21,2,13,23,166
E_bilineatus,0,1,1,0,1,1,0,2,2,0,1,1,0,1,0,1,1,0,0,1,54,40,56,39,7,2,6,31,4,1,6,7,3,7,6,11,6,1,211,77,NA,30,21,4,12,29,NA
E_bilineatus,1,1,1,0,1,1,0,2,2,1,1,1,0,1,1,1,1,0,0,1,56,40,60,39,8,2,7,32,4,1,6,11,4,6,7,12,6,1,223,85,NA,30,19,5,12,27,163
E_bilineatus,1,1,1,0,0,0,0,2,2,0,1,1,0,1,0,0,1,0,0,1,55,48,60,43,9,2,5,44,4,1,7,12,3,9,7,19,11,1,212,83,NA,32,20,2,12,27,158
E_bilineatus,0,1,1,0,1,1,0,2,2,0,1,1,0,1,0,1,1,0,0,1,53,51,57,38,7,2,7,34,4,1,6,7,3,7,6,16,7,1,160,64,NA,32,19,3,12,NA,NA
E_bilineatus,0,1,1,0,1,1,0,2,2,1,1,1,0,1,0,0,1,0,0,1,53,45,58,35,6,2,6,29,4,0,5,8,3,7,6,9,6,1,181,65,NA,33,22,3,12,26,NA
E_bilineatus,0,1,1,0,1,1,0,2,2,1,1,1,0,1,1,1,1,0,0,1,58,45,61,39,8,2,7,39,3,1,4,8,3,7,7,11,10,1,222,85,NA,32,22,2,13,25,169
E_boulengeri,1,1,1,1,1,1,1,4,1,1,1,0,1,1,0,1,1,0,0,1,93,65,44,39,10,5,9,50,5,2,7,12,3,11,6,24,10,1,174,106,F,32,21,0,12,31,NA
E_boulengeri,1,1,1,1,1,1,1,4,1,1,1,0,1,1,0,1,1,0,0,1,87,60,46,44,11,5,8,56,6,2,8,11,3,10,6,24,10,1,193,112,NA,31,23,0,11,40,126
E_boulengeri,0,1,1,1,1,1,1,3,1,1,1,0,1,1,1,0,1,0,0,1,93,59,47,47,9,4,9,44,4,2,7,11,2,10,7,20,10,1,NA,83,M,32,23,0,12,36,NA
E_boulengeri,1,1,1,1,1,1,1,3,1,1,1,0,1,0,NA,0,1,0,0,1,78,59,46,44,9,5,9,50,5,2,8,13,3,11,7,23,12,1,NA,64,NA,34,24,0,12,31,NA
E_boulengeri,1,1,1,1,1,1,1,3,1,1,1,0,1,1,0,1,1,0,0,1,90,62,43,47,11,4,9,49,5,2,8,7,2,9,7,21,10,1,NA,81,M,35,21,0,15,31,NA
E_boulengeri,1,1,1,1,2,1,0,3,1,0,1,0,1,1,0,1,1,0,0,1,75,67,48,35,9,4,8,52,6,1,8,10,4,10,7,19,14,1,153,85,NA,35,21,0,13,38,NA
E_boulengeri,1,1,1,1,1,1,0,3,1,0,1,0,1,0,NA,1,1,1,1,1,108,71,66,49,9,2,8,50,4,2,8,10,3,11,7,17,11,2,204,87,NA,30,23,0,12,51,NA
E_brasiliensis,1,1,1,1,1,1,1,4,1,1,1,0,1,1,1,NA,1,0,0,1,85,43,52,42,11,4,10,49,5,2,6,NA,NA,11,7,NA,NA,1,160,100,NA,30,23,0,15,35,NA
E_brasiliensis,1,1,1,1,1,1,1,3,1,1,1,0,1,1,1,0,1,0,0,1,93,63,57,43,10,3,7,51,6,1,7,10,3,11,6,20,11,1,152,92,NA,34,22,0,13,37,120
E_brasiliensis,0,1,1,1,1,1,1,3,1,1,1,0,1,1,1,1,1,0,0,1,93,65,57,46,9,3,8,51,5,1,7,9,3,10,7,18,10,1,128,75,NA,33,21,0,12,35,131
E_brasiliensis,1,1,1,1,1,1,1,2,1,1,1,0,1,1,0,0,1,1,0,1,93,59,55,45,11,4,10,47,5,2,7,10,4,11,7,19,10,1,136,58,NA,30,24,0,13,33,NA
E_brasiliensis,1,1,1,1,1,1,1,2,1,1,1,0,1,1,1,1,1,0,0,1,88,61,51,38,9,5,11,46,6,2,8,12,4,10,7,19,10,1,162,99,NA,30,22,0,13,34,117
E_brasiliensis,0,1,1,1,1,1,1,2,1,1,1,0,1,1,1,0,1,1,0,1,97,58,54,42,12,4,10,50,5,2,7,10,4,10,7,22,11,1,154,103,NA,32,23,0,13,32,121
E_brasiliensis,1,1,1,1,1,1,0,3,1,1,1,0,1,1,0,1,1,0,0,1,96,73,67,53,9,2,12,53,4,1,7,11,2,9,7,23,11,2,NA,84,M,30,21,0,14,47,NA
E_brasiliensis,1,1,1,1,1,1,0,3,1,1,1,0,1,1,0,0,1,0,0,1,79,70,60,47,9,2,9,46,4,2,6,10,3,10,6,20,9,2,NA,92,NA,32,23,0,12,35,NA
E_brasiliensis,1,1,1,0,1,1,0,3,1,1,1,0,1,NA,NA,0,1,0,0,1,95,76,56,51,10,2,8,56,NA,NA,7,9,3,9,7,21,11,2,113,53,NA,32,22,3,16,43,NA
E_brasiliensis,1,1,1,0,1,1,0,3,1,1,1,0,1,NA,NA,1,1,0,0,1,75,74,59,NA,8,2,11,55,5,2,7,9,3,10,6,18,11,1,NA,86,F,30,21,1,15,44,NA
E_brasiliensis,1,1,1,1,1,1,0,3,1,1,1,0,1,1,1,0,1,0,0,1,98,77,61,44,10,3,9,48,4,1,8,10,2,10,7,18,12,2,147,65,NA,29,22,2,14,35,NA
E_capetinga,1,1,1,0,0,1,0,2,2,0,1,1,0,1,0,0,1,0,0,1,75,57,68,38,7,2,7,30,3,1,7,12,3,7,9,15,8,1,172,69,M,32,21,3,8,35,165
E_capetinga,0,1,1,0,1,1,0,2,1,0,1,0,0,1,0,0,1,0,0,1,56,50,67,36,8,2,6,31,4,1,5,9,4,8,7,13,6,1,122,55,F,30,19,3,12,37,NA
E_capetinga,0,1,1,0,1,1,0,2,2,0,1,1,0,1,0,0,1,0,0,1,62,58,82,31,9,2,6,37,4,0,5,9,4,8,7,11,5,1,154,61,M,32,21,3,8,37,NA
E_capetinga,1,1,0,0,1,1,0,2,2,0,1,0,0,1,1,1,1,0,0,1,71,55,67,33,7,2,9,38,4,1,6,9,4,8,8,11,7,2,202,73,M,33,20,3,10,31,145
E_capetinga,0,1,1,0,0,1,0,2,2,0,1,1,0,1,0,0,1,0,0,1,60,59,68,32,7,2,6,28,4,0,5,11,3,8,8,9,6,0,163,61,M,32,21,2,9,28,NA
E_capetinga,0,1,1,0,0,1,0,2,2,0,1,1,0,1,0,0,1,0,0,1,70,54,66,33,7,2,6,29,3,0,5,7,3,8,7,9,7,0,NA,67,M,29,18,4,10,24,NA
E_capetinga,0,1,0,0,1,1,0,2,2,0,1,1,0,1,1,1,1,0,0,1,68,51,60,35,8,2,7,36,4,1,6,10,3,9,7,12,7,1,169,68,M,31,20,3,8,29,NA
E_capetinga,1,0,1,0,2,1,0,2,2,0,1,1,0,1,1,1,1,0,0,1,62,49,70,32,8,2,7,34,4,1,5,9,3,8,8,10,6,1,121,80,F,31,21,3,11,28,NA
E_capetinga,0,1,0,0,1,0,0,2,2,0,1,1,0,1,0,1,1,0,0,1,58,54,64,32,7,2,7,33,3,0,6,9,3,7,7,9,7,1,191,67,M,28,18,2,12,28,NA
E_capetinga,1,1,1,0,0,0,0,2,2,0,1,1,0,1,1,1,1,0,0,1,71,58,75,37,7,2,9,35,4,1,5,9,4,7,7,11,7,1,185,69,M,33,21,3,11,30,167
E_capetinga,1,0,1,0,1,0,0,2,2,0,1,1,0,1,0,0,1,0,0,1,74,54,74,37,8,2,7,30,4,0,5,9,4,7,7,10,5,1,180,70,M,31,20,2,11,32,169
E_capetinga,0,1,1,0,1,1,0,2,2,0,1,1,0,1,1,0,1,0,0,1,63,53,69,31,9,2,6,36,3,0,5,8,3,10,7,11,5,1,200,72,M,32,19,2,10,31,150
E_capetinga,0,1,1,0,1,1,0,2,2,0,1,1,0,1,0,1,1,0,0,1,67,53,65,31,8,2,7,38,3,1,5,11,4,8,7,10,7,1,200,74,M,28,20,2,11,30,151
E_capetinga,1,1,0,0,1,0,0,2,2,0,1,0,0,1,0,0,1,0,0,1,72,59,72,35,8,4,7,31,3,1,6,9,4,8,7,7,6,1,175,65,M,29,19,3,10,34,NA
E_capetinga,1,1,1,0,1,1,0,2,2,0,1,1,0,1,0,0,1,0,0,1,76,60,74,37,7,2,9,28,3,1,7,9,3,8,8,11,8,1,193,71,M,33,21,3,11,31,159
E_capetinga,0,1,1,0,1,0,0,2,2,0,1,1,0,1,0,1,1,0,0,1,69,51,72,34,8,2,7,37,4,1,5,11,4,7,8,12,7,1,181,68,M,35,23,3,12,28,NA
E_capetinga,1,0,0,0,0,0,0,2,2,0,1,0,0,0,1,1,1,0,0,1,68,53,68,37,8,2,7,37,4,0,7,9,3,9,7,11,4,1,210,88,F,33,22,4,11,33,155
E_capetinga,0,1,1,0,1,1,0,2,2,0,1,1,0,1,0,0,1,0,0,1,58,49,60,34,8,2,7,31,3,1,5,11,3,8,7,11,6,0,175,68,M,31,19,2,11,29,NA
E_capetinga,0,1,1,0,1,1,0,2,2,0,1,1,0,1,0,1,1,0,0,1,58,50,70,35,8,2,7,40,3,1,7,9,3,8,7,10,6,1,180,61,M,26,18,3,9,31,NA
E_capetinga,1,1,1,0,1,0,0,2,2,0,1,1,0,1,1,1,1,0,0,1,62,56,72,35,8,2,7,33,3,1,6,9,4,8,7,10,6,1,166,66,M,29,22,3,12,32,NA
E_capetinga,0,1,1,0,2,1,0,2,2,0,1,1,0,1,0,1,1,0,0,1,63,53,78,35,7,2,7,37,4,1,7,8,3,8,8,11,6,1,175,75,F,31,19,3,12,35,NA
E_capetinga,1,1,0,0,2,1,0,2,2,0,1,1,0,1,1,0,1,0,0,1,56,51,55,33,7,2,7,38,4,1,8,10,4,8,9,11,5,1,158,69,F,26,16,2,8,28,NA
E_capetinga,1,0,1,0,1,0,0,2,2,0,1,1,0,1,0,1,1,0,0,1,64,48,69,33,8,2,11,33,4,1,5,9,3,7,8,11,4,1,221,79,M,28,17,3,8,29,150
E_capetinga,1,0,1,0,1,1,0,2,2,0,1,1,0,1,0,0,1,0,0,1,68,50,71,36,8,2,7,33,4,1,8,10,1,8,7,12,6,1,159,59,NA,28,20,3,9,28,NA
E_capetinga,1,1,0,0,1,1,0,2,2,0,1,1,0,1,0,1,0,0,0,1,61,56,68,36,7,2,5,32,4,1,5,8,2,7,9,12,6,1,182,75,NA,28,18,2,9,28,151
E_capetinga,1,1,1,0,1,1,0,2,2,0,1,1,0,1,0,0,1,0,0,1,68,54,60,35,7,1,6,29,4,1,7,8,1,9,7,12,6,1,163,63,F,29,20,3,11,31,156
E_capetinga,1,1,1,0,0,1,0,2,2,0,1,1,0,1,0,0,1,0,0,1,72,51,72,34,9,2,6,35,3,1,6,8,1,9,8,13,7,1,185,70,M,30,20,3,11,30,158
E_capetinga,0,0,1,0,1,0,0,2,2,0,1,1,0,1,0,0,1,0,0,1,63,47,72,29,8,2,7,34,3,1,5,9,3,8,8,12,6,1,189,74,M,30,18,3,9,27,NA
E_capetinga,0,1,0,0,2,1,0,2,2,0,1,1,0,1,1,1,1,0,0,1,68,52,71,38,8,2,8,38,4,0,4,11,3,7,8,9,6,1,200,71,F,32,20,4,10,30,179
E_capetinga,0,0,1,0,1,0,0,2,2,0,1,1,0,1,0,0,1,0,0,1,71,49,70,34,7,2,7,33,4,0,5,7,3,7,7,11,5,1,194,71,M,32,17,3,13,32,NA
E_capetinga,0,1,1,0,1,1,0,2,2,0,1,1,0,1,0,0,1,0,0,1,60,53,73,35,7,2,7,31,3,0,6,9,3,7,8,11,7,1,180,70,F,32,21,4,11,28,NA
E_capetinga,1,0,1,0,0,0,0,2,2,0,1,1,0,1,0,0,1,0,0,1,62,47,63,32,8,2,7,34,3,1,5,10,3,9,8,11,5,1,174,64,M,31,18,2,11,30,NA
E_capetinga,0,0,1,0,1,0,0,2,2,0,1,1,0,1,0,1,1,0,0,1,63,47,69,40,8,2,7,32,4,1,6,9,3,8,8,15,6,1,183,62,M,30,17,3,11,29,NA
E_capetinga,0,1,1,0,0,0,0,2,2,0,1,1,0,1,0,1,1,0,0,1,58,57,68,34,8,2,6,33,4,1,5,8,3,7,8,12,7,1,184,69,M,28,18,3,11,32,NA
E_capetinga,1,1,1,0,1,0,0,2,2,0,1,1,0,1,0,1,0,0,0,1,63,54,67,33,7,2,7,38,4,0,6,9,3,8,8,11,7,0,159,63,M,31,20,3,13,28,NA
E_capetinga,0,1,0,0,2,0,0,2,2,0,1,1,0,1,1,1,1,0,0,1,64,56,70,33,7,2,7,33,4,0,6,10,3,7,7,9,6,1,190,65,F,32,20,4,10,28,157
E_capetinga,1,1,0,0,1,0,0,2,2,0,1,1,0,1,0,0,1,0,0,1,59,45,71,35,6,2,7,34,4,1,6,8,4,8,7,11,8,1,120,60,F,31,21,3,11,24,NA
E_capetinga,1,1,1,0,1,1,0,2,2,0,1,1,0,1,1,1,1,0,0,1,58,55,61,31,8,2,7,36,3,1,7,10,3,7,8,10,6,1,184,76,F,32,19,3,9,26,152
E_capetinga,0,0,0,0,1,0,1,2,2,0,1,1,0,1,0,1,1,0,0,1,77,57,75,36,7,2,7,34,4,1,5,9,3,8,8,12,7,1,211,83,F,34,22,3,10,30,158
E_capetinga,1,1,0,0,1,1,0,2,2,0,1,1,0,1,1,1,1,0,0,1,69,55,70,35,7,2,7,34,4,1,6,9,3,7,8,10,6,1,192,79,M,27,19,3,10,30,154
E_capetinga,0,1,1,0,1,0,0,2,2,0,1,0,0,1,1,0,1,0,0,1,63,57,68,37,7,3,7,36,3,0,6,10,3,8,9,9,6,1,165,63,M,36,20,4,10,33,NA
E_capetinga,0,0,1,0,1,1,0,2,2,0,1,1,0,1,0,0,1,0,0,1,61,51,70,40,8,3,10,37,4,0,6,9,3,8,7,11,8,1,161,67,F,27,19,3,12,37,NA
E_capetinga,0,0,1,0,0,0,0,2,2,0,1,1,0,1,1,1,1,0,0,1,52,51,73,37,8,3,9,30,4,1,5,10,2,8,8,12,7,1,169,68,F,33,22,4,11,32,NA
E_capetinga,0,0,1,0,1,0,0,2,2,0,1,1,0,1,1,1,1,0,0,1,61,60,70,34,7,2,5,28,4,0,5,11,2,7,7,11,6,1,164,64,M,30,18,3,10,33,NA
E_capetinga,0,0,1,0,1,0,0,2,2,0,1,1,0,1,0,1,1,0,0,1,59,49,62,34,6,2,6,29,4,1,6,10,1,7,8,14,6,1,207,69,M,29,19,3,10,28,NA
E_capetinga,1,0,1,0,1,1,0,3,1,0,1,1,0,1,0,1,1,0,0,1,66,59,76,33,8,2,7,38,4,1,8,11,3,7,9,11,7,1,166,66,M,31,20,3,10,38,NA
E_capetinga,0,1,1,0,1,0,0,2,2,0,1,1,0,1,0,0,1,0,NA,1,63,51,75,36,8,2,7,36,3,1,5,10,3,8,7,10,7,1,155,67,M,31,19,2,13,27,151
E_capetinga,0,1,1,0,1,1,0,2,2,0,1,1,0,1,0,1,1,NA,0,1,62,54,70,35,8,2,7,35,4,1,5,9,4,8,8,11,6,1,221,80,M,31,18,2,11,30,145
E_capetinga,0,1,1,0,1,0,0,2,2,0,1,1,1,1,1,1,1,0,0,1,61,50,61,33,8,2,6,30,4,0,5,7,3,9,7,12,8,1,216,79,M,30,19,0,10,29,NA
E_capetinga,0,1,1,0,1,0,0,2,2,0,1,1,0,1,0,0,0,0,0,1,61,47,65,34,7,2,5,44,4,1,5,7,2,7,7,11,12,1,NA,29,NA,31,18,2,10,20,NA
E_capetinga,1,1,1,0,0,1,0,2,2,0,1,1,0,0,0,0,1,0,0,1,54,46,67,35,8,2,4,36,4,0,5,9,2,7,8,12,8,1,64,33,NA,31,18,3,9,22,NA
E_capetinga,1,1,1,0,0,1,0,2,2,0,1,1,0,1,0,0,1,0,0,1,59,54,64,31,12,3,7,47,6,3,9,11,2,12,7,22,14,1,79,39,NA,32,18,2,10,30,NA
E_capetinga,0,1,1,0,0,1,0,2,2,0,1,1,0,1,0,0,1,0,0,1,66,54,69,35,10,2,6,45,5,2,8,9,3,11,8,20,9,1,89,45,NA,33,20,2,10,35,NA
E_capetinga,0,1,1,0,1,1,0,2,2,0,1,1,0,1,0,1,1,0,0,1,51,42,67,36,7,2,6,31,4,2,5,9,3,7,7,12,6,1,193,69,M,33,20,3,12,23,NA
E_capetinga,0,1,0,0,2,1,0,2,2,0,1,0,1,1,0,0,1,0,0,1,59,57,73,34,7,2,6,33,4,1,6,8,2,7,6,12,4,1,89,40,NA,33,19,3,10,27,NA
E_capetinga,1,1,1,0,1,1,0,2,2,0,1,1,0,1,0,0,1,0,0,1,70,64,67,33,8,2,7,35,3,1,5,8,4,6,8,11,7,1,192,80,F,33,21,2,9,29,154
E_catenatus,0,1,1,0,2,1,0,3,1,0,1,0,1,1,0,0,1,0,0,1,97,70,58,43,9,3,6,48,6,2,8,10,3,11,8,21,13,1,96,67,NA,30,18,4,18,38,NA
E_catenatus,0,1,1,0,1,1,0,3,1,0,0,0,1,0,NA,0,1,0,0,1,79,73,54,45,12,2,6,55,7,1,9,11,3,8,5,21,11,1,117,58,NA,29,18,4,19,49,NA
E_catenatus,1,1,1,0,1,1,1,3,1,0,1,0,1,0,NA,1,1,NA,0,1,88,72,56,45,12,2,5,46,6,3,7,8,4,11,7,20,12,2,194,99,NA,NA,23,4,20,58,NA
E_catenatus,1,1,1,0,2,1,1,3,1,0,0,0,1,0,NA,0,1,0,0,1,82,68,54,44,10,2,6,44,5,2,7,9,3,11,7,21,10,1,130,63,NA,33,22,4,19,38,NA
E_catenatus,1,1,1,0,1,1,1,3,1,0,0,0,1,1,1,0,1,0,0,1,88,69,54,44,11,2,5,42,5,3,8,10,5,11,7,20,13,2,75,70,NA,30,21,3,20,48,NA
E_catenatus,0,1,1,0,1,0,0,3,1,0,0,0,1,0,NA,1,1,0,0,1,85,77,58,36,12,3,6,46,5,3,7,10,3,13,8,22,12,1,217,92,NA,32,20,3,20,42,NA
E_catenatus,0,0,1,0,1,0,0,3,1,0,1,0,1,1,0,0,1,0,0,1,78,68,46,47,10,3,8,51,5,2,9,8,5,10,6,25,13,1,100,57,NA,37,22,0,16,42,NA
E_catenatus,0,0,1,0,2,0,0,3,1,0,1,0,1,1,0,0,1,0,0,1,89,61,49,46,9,4,9,44,4,2,8,9,4,10,8,17,11,1,92,55,NA,32,22,0,14,38,NA
E_catenatus,1,1,1,0,1,1,1,3,1,0,1,1,0,1,1,1,1,0,0,1,97,76,52,50,10,4,7,45,5,3,6,10,4,12,6,22,11,1,225,103,NA,31,23,4,14,44,162
E_catenatus,0,1,1,0,1,1,1,3,1,0,1,1,0,1,1,1,1,0,0,1,102,82,54,49,11,2,6,50,6,2,8,8,5,14,6,22,11,2,222,101,NA,34,23,3,14,49,166
E_catenatus,0,1,1,0,1,1,1,3,1,0,1,1,1,0,1,1,1,0,0,1,86,71,52,40,10,2,7,42,5,2,6,8,4,12,7,22,11,1,145,64,NA,32,24,3,15,44,NA
E_catenatus2,0,1,1,0,2,1,0,3,1,0,1,0,1,1,0,1,1,0,0,1,86,60,75,44,9,2,7,39,4,2,6,11,3,8,6,18,8,1,171,80,NA,30,18,3,15,38,NA
E_catenatus2,0,1,1,0,1,0,0,3,1,0,1,0,1,1,0,1,1,0,0,1,88,62,74,40,9,2,6,42,5,2,6,11,3,11,8,15,10,1,225,113,NA,31,22,2,20,39,154
E_catenatus2,0,1,1,0,1,1,0,3,1,1,1,0,1,1,1,1,1,0,0,1,83,55,76,38,12,4,6,39,6,2,6,NA,2,12,8,NA,8,1,212,100,F,32,19,4,14,32,141
E_catenatus2,1,1,1,0,1,1,0,3,1,1,1,0,1,1,0,1,1,0,0,1,91,77,79,40,10,2,7,41,5,1,6,9,3,10,7,19,12,2,216,99,NA,27,19,2,15,38,155
E_catenatus2,1,1,1,0,1,1,0,3,1,1,1,0,1,1,0,1,1,0,0,1,90,59,74,54,10,3,9,48,4,2,6,NA,3,11,7,23,8,1,172,82,NA,29,22,5,14,37,154
E_erythroceneus,0,1,1,0,0,0,1,3,1,1,0,1,0,1,0,0,0,0,0,1,75,50,59,44,8,2,5,41,4,1,5,12,2,8,7,13,8,1,179,78,NA,26,18,2,12,28,143
E_erythroceneus,1,1,0,0,0,0,0,3,1,1,0,0,0,1,0,0,0,0,0,1,75,55,57,47,8,2,6,39,5,1,5,9,3,11,8,16,7,1,125,55,NA,27,19,3,10,28,NA
E_erythroceneus,1,1,1,0,0,0,0,3,1,1,0,0,0,1,0,0,0,0,0,1,83,60,59,45,8,2,7,39,5,1,5,12,2,10,8,13,8,1,139,64,NA,26,19,3,13,27,NA
E_erythroceneus,1,1,1,0,0,0,0,3,1,1,0,1,0,1,0,0,0,0,0,1,84,52,59,42,8,2,7,33,4,1,4,10,2,8,8,14,11,1,132,64,M,25,19,2,12,27,NA
E_erythroceneus,1,1,1,0,0,0,1,2,1,1,0,0,0,1,0,1,1,0,0,1,79,60,59,43,10,2,6,36,5,2,7,10,2,10,7,14,8,1,202,87,M,29,19,2,13,29,137
E_erythroceneus,0,1,0,0,0,0,0,3,1,1,0,0,0,1,0,1,1,0,0,1,79,63,58,45,8,2,7,42,5,1,6,13,3,10,7,13,10,0,146,69,NA,27,18,3,10,26,148
E_iheringii,1,1,1,0,1,1,0,2,1,1,1,0,1,0,NA,0,1,0,0,1,72,59,54,50,9,2,10,42,5,3,7,9,3,10,7,17,10,0,172,82,NA,28,23,3,11,20,154
E_iheringii,1,1,1,0,1,1,1,2,1,0,1,0,1,0,NA,NA,1,0,0,1,71,55,60,42,9,4,9,44,4,3,7,12,3,11,6,16,14,1,203,85,NA,34,26,4,13,35,NA
E_iheringii,1,1,1,0,1,1,1,3,1,0,1,0,1,0,NA,1,1,0,0,1,74,60,62,50,10,4,12,49,4,3,8,10,5,10,6,15,12,1,120,75,NA,33,26,4,13,34,NA
E_iheringii,1,1,1,0,1,1,1,3,1,0,1,0,1,1,1,1,1,0,0,1,73,53,63,54,10,4,10,44,4,3,6,10,4,11,6,19,17,2,155,75,M,34,26,4,14,31,159
E_iheringii,1,1,1,0,1,1,1,2,2,1,1,0,1,0,NA,1,0,0,0,1,80,64,64,53,10,5,13,48,4,1,7,10,4,12,9,16,16,1,100,98,M,31,26,6,14,40,161
E_iheringii,1,1,1,0,1,1,1,3,1,1,1,0,1,1,0,1,1,0,0,1,75,62,66,50,10,4,11,46,4,4,6,12,4,10,6,17,13,1,197,97,F,31,26,3,14,35,165
E_iheringii,1,1,1,0,1,1,1,3,1,0,1,0,1,1,0,1,0,0,0,1,83,61,62,48,12,NA,NA,46,4,4,6,11,4,13,6,18,13,1,182,85,F,38,25,4,15,30,157
E_iheringii,0,1,1,0,1,1,1,2,2,1,1,1,0,0,NA,1,1,0,0,1,78,60,62,53,11,3,9,41,4,3,7,10,4,10,6,15,14,1,155,86,M,32,24,4,12,NA,NA
E_iheringii,1,1,1,0,1,1,1,2,2,1,1,0,1,1,1,1,0,0,0,1,73,58,62,50,10,4,9,43,4,3,6,11,4,12,5,17,16,1,175,80,M,31,26,3,14,31,NA
E_iheringii,1,1,1,0,1,1,1,3,1,0,1,0,1,0,NA,1,1,0,0,1,89,61,61,52,12,4,9,42,4,3,7,9,3,12,6,17,16,1,147,65,NA,31,28,3,13,28,NA
E_iheringii,0,1,1,0,1,1,1,3,1,1,1,0,1,1,1,1,1,0,0,1,78,57,62,47,11,4,11,42,4,3,7,8,4,11,7,22,17,1,159,73,M,31,24,2,15,35,NA
E_iheringii,1,1,1,0,1,1,1,3,1,0,1,NA,1,1,1,1,1,0,0,1,70,55,63,NA,11,2,9,42,3,NA,6,9,3,11,6,14,16,1,138,65,F,35,25,3,11,30,NA
E_iheringii,1,1,1,0,1,1,1,2,2,0,1,0,1,1,1,1,0,0,0,1,75,56,60,48,10,6,13,43,5,4,6,8,4,11,6,24,14,1,195,87,NA,34,26,0,13,34,NA
E_iheringii,1,1,1,0,1,1,1,3,1,0,1,0,1,0,NA,1,1,0,0,1,59,71,60,50,11,4,9,43,4,4,8,10,4,12,6,20,14,1,162,89,NA,33,24,2,13,35,NA
E_iheringii,1,1,1,0,1,1,1,2,2,1,1,0,1,1,1,1,1,0,0,1,80,57,60,53,11,2,9,46,5,3,8,9,4,11,7,20,14,1,185,91,NA,33,22,3,14,35,166
E_iheringii,1,1,1,0,1,1,1,3,1,1,0,1,1,NA,NA,1,1,0,0,1,69,54,55,49,9,4,7,44,6,2,6,10,3,11,5,21,13,1,212,100,F,29,24,4,13,29,163
E_iheringii,0,1,1,0,1,1,1,2,0,1,1,0,1,1,1,1,0,0,0,1,72,57,54,49,11,2,11,42,5,2,6,9,3,11,6,18,12,1,189,89,NA,32,23,4,13,33,181
E_iheringii,0,1,1,0,1,1,1,3,0,1,1,0,1,0,NA,1,1,0,0,1,73,64,55,60,12,3,8,49,5,3,7,10,3,13,7,18,11,1,235,117,F,31,23,4,13,39,159
E_iheringii,0,1,1,0,1,1,0,3,0,1,1,0,1,1,1,1,0,0,0,1,78,56,54,54,10,2,7,45,4,3,8,11,3,12,6,24,14,2,257,123,F,32,21,3,15,31,160
E_iheringii,0,1,1,0,1,1,1,3,0,1,1,0,1,1,1,1,0,0,0,1,71,55,56,53,11,4,10,48,5,4,8,10,3,10,7,19,13,2,239,81,F,34,28,3,12,31,147
E_iheringii,1,1,1,0,1,1,1,3,0,0,1,0,1,1,0,1,1,0,0,1,102,69,72,43,10,2,8,44,4,1,7,8,3,12,6,20,11,2,138,72,NA,28,23,3,11,36,NA
E_iheringii,0,1,1,0,1,0,1,3,0,0,1,0,1,1,1,1,1,0,0,1,68,57,56,50,9,3,10,39,4,2,6,10,3,8,7,20,11,1,158,120,NA,32,25,4,12,30,NA
E_iheringii,1,1,1,0,0,1,1,3,0,1,1,0,1,1,1,1,0,0,0,1,69,60,59,47,11,2,9,42,5,3,7,9,3,11,7,17,14,2,181,87,NA,34,21,4,12,31,139
E_leechii,0,1,1,0,1,1,0,2,2,1,1,0,0,1,0,1,1,1,1,0,86,74,162,42,10,4,7,59,6,2,9,10,5,12,7,21,10,1,179,95,NA,26,19,2,22,39,NA
E_leechii,0,1,1,1,1,1,3,2,2,1,1,0,1,1,0,1,0,1,0,0,82,66,151,43,12,3,5,50,7,3,8,12,3,11,7,26,11,2,184,97,F,25,17,2,14,31,126
E_leechii,0,1,1,1,1,1,0,3,1,0,1,0,1,0,NA,1,0,1,1,0,92,75,152,41,9,3,7,60,5,3,9,14,4,12,8,21,11,2,137,70,NA,26,19,2,13,40,NA
E_leechii,1,1,1,1,1,1,0,3,1,0,1,0,1,1,1,1,0,1,1,0,85,70,144,35,9,4,7,55,6,2,8,10,4,11,6,27,8,1,103,55,NA,26,22,3,13,38,NA
E_leechii,1,1,1,1,1,1,0,3,1,0,1,0,1,1,0,1,0,1,1,0,82,73,140,38,10,4,7,56,5,2,10,11,4,11,5,24,10,1,94,51,NA,23,20,0,12,40,NA
E_leechii,1,1,1,1,1,1,0,2,1,0,1,0,1,0,NA,1,0,1,1,0,79,70,144,38,9,4,7,59,6,2,10,13,3,12,7,24,10,1,106,56,NA,27,20,0,14,42,NA
E_leechii,1,1,1,1,1,1,0,3,1,1,1,0,1,1,0,1,1,1,1,0,92,71,151,38,11,3,7,61,5,4,10,11,3,12,7,24,12,2,113,61,NA,25,21,2,15,40,132
E_leechii,1,1,1,1,1,1,2,3,1,1,1,0,1,0,NA,1,0,1,1,0,81,69,150,38,8,2,5,47,5,3,8,9,3,11,6,22,11,1,163,80,M,27,19,2,16,33,126
E_leechii,1,1,1,1,1,1,0,3,1,1,1,0,1,1,0,1,0,1,1,0,85,67,150,36,10,2,6,53,6,4,8,7,3,11,7,24,12,2,160,82,M,26,19,0,14,28,116
E_leechii,1,1,1,1,1,1,0,2,2,1,1,0,1,1,1,1,0,1,1,0,79,68,157,42,12,2,5,52,6,4,9,11,3,11,5,23,9,2,165,85,M,24,20,2,16,28,111
E_leechii,0,1,1,1,1,1,2,3,1,0,1,0,1,1,1,1,0,1,1,0,83,73,143,41,11,2,5,52,6,3,9,15,2,12,7,23,13,2,102,55,NA,27,20,2,14,38,NA
E_leechii,0,1,1,0,1,1,2,3,1,0,1,0,1,1,1,1,0,1,1,0,76,61,140,36,10,3,5,48,5,2,7,9,2,10,6,21,11,1,156,85,M,26,20,1,20,23,127
E_leechii,1,1,1,0,1,1,2,2,1,0,1,0,1,1,1,1,0,1,1,0,92,73,157,39,12,3,5,54,5,3,8,9,3,11,7,21,12,2,185,100,F,26,20,1,20,34,132
E_leechii,1,1,1,0,1,1,2,3,1,0,1,0,1,1,1,1,1,1,1,0,80,73,148,42,12,2,6,54,6,3,8,10,3,12,7,23,11,2,179,100,F,25,19,2,21,35,128
E_leechii,0,1,1,0,1,1,2,3,1,0,1,0,1,1,1,1,1,1,1,0,89,69,154,35,12,3,7,54,5,2,9,10,3,11,7,25,13,2,169,65,NA,25,21,0,21,33,122
E_leechii,0,1,1,1,1,1,3,2,2,1,1,0,1,1,0,1,0,1,0,0,91,73,152,38,14,2,5,62,4,2,8,10,3,10,7,27,11,2,172,101,NA,26,22,2,15,35,139
E_leechii,0,1,1,0,1,1,2,3,1,0,1,0,1,0,NA,1,0,1,0,0,74,80,160,44,13,3,7,67,5,4,9,9,4,10,7,22,12,2,177,89,NA,27,22,3,21,35,144
E_leechii,1,1,1,1,1,1,2,3,1,1,1,0,1,1,1,1,0,1,1,0,94,79,159,44,12,3,8,62,5,3,9,14,4,12,8,26,11,2,149,80,NA,27,21,2,20,34,NA
E_leechii,0,1,1,1,1,1,3,2,2,1,1,0,1,1,0,1,1,1,0,0,92,74,159,40,9,3,6,51,6,2,7,10,3,11,7,21,11,1,162,84,M,24,21,1,16,30,129
E_leechii,0,1,1,1,1,1,3,3,1,1,1,0,1,1,1,1,0,1,0,0,84,63,149,39,11,4,6,53,6,2,7,9,3,11,6,24,13,2,96,56,NA,27,19,2,16,30,NA
E_leechii,0,1,1,0,1,1,2,3,1,0,1,0,1,0,NA,1,1,1,1,0,80,77,146,39,12,3,9,50,5,3,8,11,3,12,7,23,13,2,128,70,NA,30,21,2,20,27,125
E_leechii,1,1,1,1,1,1,2,3,1,0,1,0,1,1,1,1,1,1,1,0,86,72,151,40,13,2,6,52,5,4,9,10,4,10,7,26,12,3,156,76,M,28,19,0,21,32,119
E_perditus,1,1,1,0,1,1,0,3,1,0,1,0,1,1,0,1,1,0,0,1,101,78,65,51,8,4,7,51,4,2,8,14,3,11,7,24,12,1,105,74,M,34,24,2,18,40,NA
E_perditus,1,1,1,0,1,1,0,3,1,0,1,0,1,1,0,1,1,0,0,1,109,79,68,54,9,2,9,55,4,3,7,9,3,9,7,25,10,1,NA,58,NA,29,22,3,13,52,NA
E_perditus,1,1,1,0,1,1,0,3,1,0,1,0,1,1,0,1,1,0,0,1,97,75,60,56,9,2,9,52,4,2,8,10,4,9,7,30,11,0,165,80,NA,32,23,3,12,63,NA
E_perditus,1,1,1,0,1,1,0,3,1,0,1,0,1,1,0,1,1,0,0,1,103,81,63,58,9,2,9,49,4,1,8,9,3,9,7,29,11,1,138,81,NA,28,20,2,13,60,NA
E_perditus,1,1,1,0,1,1,0,3,1,0,1,1,1,1,0,1,0,0,0,1,105,80,65,62,8,3,8,54,3,2,8,10,3,10,7,24,9,1,146,67,NA,34,24,3,12,53,NA
E_perditus,1,1,1,0,1,1,0,3,1,0,1,0,1,1,1,0,0,0,0,1,114,73,67,59,8,2,9,54,3,1,8,10,4,8,7,28,11,1,128,60,NA,32,24,4,15,47,NA
E_perditus,1,1,1,0,1,1,0,3,1,0,1,0,1,1,0,1,1,0,0,1,90,75,65,57,9,2,9,56,4,1,7,9,3,9,7,24,9,1,158,77,NA,31,23,4,13,41,170
E_perditus,1,1,1,0,1,1,0,3,1,0,1,0,1,1,0,0,1,0,0,1,107,80,68,58,9,3,7,48,4,2,8,9,4,9,8,28,8,1,135,65,NA,32,24,3,13,49,NA
E_perditus,1,1,1,0,1,1,0,3,1,0,1,0,1,1,1,1,1,0,0,1,95,73,66,55,9,2,8,50,4,3,8,10,4,10,7,29,11,1,NA,70,NA,29,24,3,12,46,NA
E_perditus,0,1,1,0,1,1,0,3,1,0,1,0,1,1,1,1,1,0,0,1,98,80,63,55,9,4,11,55,4,3,7,11,4,11,7,26,10,2,141,60,NA,27,21,4,13,46,NA
E_perditus,1,1,1,0,1,1,0,3,1,0,1,0,1,1,1,1,1,0,0,1,99,79,64,56,8,3,7,48,4,3,9,10,4,11,7,24,8,2,167,85,NA,32,22,1,13,42,NA
E_perditus,1,1,1,0,1,1,0,3,1,1,1,0,1,1,1,1,1,0,0,1,104,68,62,52,11,2,7,46,6,1,6,11,3,12,6,19,11,1,189,86,NA,30,23,2,12,41,154
E_perditus,1,1,1,0,1,1,0,2,1,0,1,1,1,1,0,1,1,0,0,1,108,73,63,51,8,3,8,48,4,2,7,9,4,10,6,18,11,1,189,80,NA,31,26,4,12,41,147
E_perditus,1,1,1,0,1,1,0,3,1,0,1,0,1,1,0,1,1,0,0,1,98,70,60,53,9,3,11,52,3,1,7,9,4,10,6,29,10,2,167,78,NA,31,24,3,13,47,NA
E_perditus,1,1,1,0,1,1,0,3,1,0,1,0,1,1,1,1,1,0,0,1,94,81,60,58,8,2,8,48,4,2,7,10,5,9,7,29,11,1,162,73,NA,31,24,3,13,45,NA
E_perditus,1,1,1,0,1,1,0,3,1,0,1,0,0,1,1,1,1,0,0,1,104,81,65,54,9,2,9,58,4,2,8,9,3,10,6,23,11,1,190,87,M,29,20,3,13,41,152
E_perditus,1,1,1,0,1,1,0,3,1,0,1,0,1,1,0,1,1,0,0,1,96,76,62,54,9,2,7,51,4,4,7,11,4,9,7,21,11,1,196,85,NA,31,24,3,11,42,162
E_perditus,1,1,1,0,1,1,0,3,1,0,1,1,1,1,0,1,1,0,0,1,96,76,54,51,7,2,10,51,4,3,6,9,3,8,5,22,11,1,190,82,M,28,22,3,13,44,NA
E_perditus2,1,1,1,0,1,1,0,2,1,0,1,1,1,1,0,1,1,0,0,1,96,73,64,53,9,2,8,52,4,2,7,10,4,9,6,19,12,1,141,62,M,34,25,1,12,38,NA
E_perditus2,1,1,1,0,1,1,0,3,1,0,1,0,1,1,0,1,1,0,0,1,86,70,66,57,8,2,8,54,4,2,8,10,4,9,7,21,11,1,NA,86,NA,33,23,4,12,46,NA
E_perditus2,1,1,1,0,1,1,0,3,1,0,1,0,1,1,0,1,1,0,0,1,94,73,60,59,9,2,9,45,4,2,6,9,3,13,6,18,11,1,190,83,NA,29,22,3,12,46,159
E_perditus2,1,1,1,0,2,1,0,3,1,0,1,1,1,1,1,1,1,0,0,1,101,65,64,56,9,2,9,49,4,2,7,9,4,9,6,19,12,1,182,80,NA,31,25,3,13,43,NA
E_perditus2,0,1,1,0,1,1,0,3,1,0,1,0,0,1,0,0,1,0,0,1,95,72,65,57,8,2,7,50,4,2,7,9,3,9,7,17,11,1,153,64,M,33,25,4,13,39,NA
E_perditus2,1,1,1,0,1,1,0,3,1,0,1,0,1,1,0,1,1,0,0,1,76,51,52,51,7,2,9,43,3,1,5,9,4,9,5,19,9,1,117,68,NA,32,22,4,13,38,NA
E_perditus2,1,1,1,0,1,1,0,2,2,0,1,0,1,1,1,1,1,0,0,1,89,57,66,55,8,2,8,49,3,1,7,11,3,9,6,16,11,1,NA,73,M,29,23,4,12,40,NA
E_perditus2,1,1,1,0,1,1,0,3,1,0,1,0,1,0,NA,1,1,0,0,1,95,65,64,59,9,2,7,45,4,2,6,9,3,9,6,22,11,1,209,92,NA,30,23,4,12,32,NA
E_perditus2,1,1,1,0,1,1,0,3,1,0,1,1,1,1,0,1,1,0,0,1,72,61,65,58,7,2,7,46,3,1,6,9,3,9,7,23,10,1,202,77,NA,29,22,3,12,39,163
E_perditus2,1,1,1,0,1,1,0,3,1,0,1,1,1,1,1,1,1,0,0,1,88,71,57,60,8,2,9,50,4,2,6,11,3,10,6,20,9,1,NA,75,M,33,26,2,12,39,NA
E_perditus2,0,1,1,0,1,1,0,3,1,0,1,0,1,1,0,1,1,0,0,1,80,82,63,54,10,2,8,52,4,3,5,9,4,9,7,22,11,2,177,77,NA,31,20,0,13,45,NA
E_perditus2,0,1,1,1,1,1,0,3,1,0,1,0,1,1,1,1,1,1,1,1,105,72,61,45,9,2,10,43,4,4,8,8,3,10,7,21,8,2,165,77,M,31,22,0,12,44,NA
E_perditus2,1,1,1,1,1,1,0,3,1,0,1,0,1,1,1,1,1,1,1,1,105,77,62,49,8,3,12,43,4,3,8,11,4,9,6,20,10,2,175,87,NA,33,22,2,13,38,148
E_perditus2,0,1,1,1,1,1,0,3,1,0,1,0,1,1,1,1,1,1,0,1,110,73,65,51,8,2,7,52,4,3,7,8,3,10,6,20,9,1,178,84,M,29,25,3,15,42,NA
E_perditus2,1,1,1,1,1,1,0,3,1,0,1,0,1,1,1,1,1,1,1,1,114,78,66,53,12,3,8,56,4,3,7,10,4,11,7,24,11,1,175,87,NA,35,22,1,15,39,NA
E_pictus,1,1,0,0,2,0,1,3,1,0,0,1,0,1,0,0,1,0,0,1,97,74,66,46,9,2,7,45,4,1,5,11,2,11,8,15,11,1,106,55,NA,35,21,3,23,54,NA
E_pictus,0,1,0,0,0,0,0,3,1,0,0,1,1,1,0,1,1,0,0,1,94,78,62,55,10,2,6,48,5,1,7,11,3,10,8,17,10,1,173,92,NA,31,19,5,21,49,148
E_pictus,0,1,0,0,0,0,0,2,2,0,0,1,0,1,0,1,1,0,0,1,92,75,67,49,9,2,6,52,4,2,5,11,2,11,8,18,11,1,150,78,NA,34,21,4,13,61,142
E_pictus,1,1,1,0,2,1,1,3,1,0,1,1,1,1,1,0,1,0,0,1,92,78,68,43,9,2,6,47,5,1,6,9,3,13,8,21,12,1,187,93,M,33,20,2,19,48,142
E_pictus,1,1,1,0,1,1,1,3,1,0,0,1,1,1,0,0,1,0,0,1,93,67,65,39,9,2,6,40,6,1,6,11,3,11,8,16,10,1,201,91,NA,34,19,3,17,48,146
E_pictus,1,1,1,0,0,1,0,3,1,0,1,0,1,1,0,0,0,0,0,1,85,74,66,46,11,2,6,47,5,2,7,11,3,12,8,24,8,1,154,72,NA,32,21,3,16,46,152
unknown,0,1,1,0,0,0,0,3,1,0,1,0,1,1,0,0,0,0,0,1,116,80,67,51,14,2,5,50,6,4,8,10,3,12,6,22,14,1,74,43,NA,30,19,2,17,41,NA
unknown,1,1,1,0,0,0,0,3,1,0,0,0,1,1,0,0,1,0,0,1,95,70,55,49,10,2,7,39,5,1,6,10,2,11,8,16,10,1,108,54,NA,29,19,3,11,44,NA
unknown,0,1,0,0,0,1,0,2,2,0,1,1,0,1,0,0,1,NA,0,1,59,49,66,35,7,2,7,27,3,0,5,10,3,8,7,11,5,1,125,64,F,27,19,2,13,29,NA
unknown,1,1,0,0,1,1,0,2,2,0,1,1,0,1,0,0,1,0,0,1,72,44,71,39,6,2,7,32,4,1,6,12,1,8,7,12,6,0,189,74,NA,31,22,3,11,29,152
unknown,1,1,1,1,1,1,1,2,1,1,1,0,1,1,1,0,1,0,0,1,83,57,50,51,8,2,8,50,4,1,8,12,4,10,7,23,13,1,168,94,NA,35,23,0,13,34,136
unknown,1,1,1,1,1,1,1,3,1,0,1,0,0,1,1,0,1,0,0,1,92,56,54,42,9,4,8,47,5,3,7,9,4,11,6,18,11,1,96,65,NA,33,23,0,14,34,NA
unknown,0,1,1,0,1,1,0,3,1,0,1,1,0,1,1,1,1,0,0,1,52,47,63,32,7,2,6,31,4,1,5,9,2,8,7,9,5,1,165,65,NA,29,18,2,10,26,NA
unknown,1,1,1,0,1,1,0,2,1,0,1,0,1,1,1,1,1,0,0,1,89,64,60,48,8,2,8,44,4,2,6,9,2,12,6,18,12,1,184,74,M,27,19,3,10,43,NA
unknown,1,1,1,0,1,1,0,3,1,0,1,0,1,1,1,1,1,0,0,1,93,67,64,41,9,2,10,45,4,2,8,8,4,11,6,19,9,1,193,74,NA,27,21,4,14,40,NA
unknown,0,1,0,0,0,0,0,2,2,0,0,0,1,1,0,1,0,0,0,1,81,65,57,46,10,2,5,44,5,1,6,9,4,9,7,18,14,1,171,80,NA,34,20,3,16,47,139
unknown,1,1,0,0,0,1,0,2,2,0,0,1,0,1,0,1,1,0,0,1,86,67,67,46,10,2,6,46,4,1,6,10,2,9,7,18,12,1,195,88,M,34,17,2,13,48,144
unknown,0,1,1,0,1,1,0,2,2,0,1,0,1,1,0,0,0,0,0,1,58,48,73,34,7,2,6,32,3,1,6,8,3,7,7,14,4,1,85,37,NA,33,18,2,11,31,NA
unknown,1,1,1,0,0,0,0,2,2,0,1,1,1,1,0,0,0,0,0,1,NA,51,NA,39,6,2,6,28,3,1,5,7,2,8,7,11,4,1,66,35,NA,33,21,2,10,24,NA
unknown,1,1,1,1,1,1,1,2,1,1,1,0,0,1,1,1,1,1,0,1,72,59,50,40,12,4,11,42,5,2,7,9,5,11,6,16,10,1,156,99,NA,30,21,0,11,33,118
unknown,1,1,1,0,1,1,0,3,1,0,1,0,1,1,1,1,1,0,0,1,81,83,65,48,10,2,11,57,4,3,7,10,4,9,7,20,12,2,182,79,M,31,21,1,15,44,NA
unknown,1,1,1,1,1,1,0,3,1,0,1,0,1,1,1,1,1,0,0,1,92,69,57,46,9,2,8,50,4,1,8,9,3,9,7,20,10,1,179,85,M,30,26,3,13,40,NA
unknown,0,1,1,0,1,1,0,3,1,0,1,0,1,1,0,1,1,1,1,1,107,74,65,49,10,3,9,45,4,2,9,10,3,10,7,21,11,1,155,74,M,29,23,2,15,36,NA
unknown,0,1,1,0,1,1,0,3,1,0,1,1,1,1,1,0,1,0,1,1,106,72,64,50,9,2,7,46,3,1,7,8,4,10,6,20,12,1,155,74,M,27,20,2,15,40,NA
unknown,1,1,1,1,1,1,0,3,1,1,1,0,1,1,1,1,1,0,0,1,95,70,61,49,8,2,11,43,4,2,7,10,3,9,6,18,11,1,172,86,NA,32,23,1,13,30,NA
unknown,1,1,1,0,1,1,1,3,2,1,1,0,0,1,0,1,1,0,0,1,81,62,65,53,11,3,11,48,5,3,6,8,4,11,6,16,13,2,238,116,NA,33,24,3,11,NA,NA
unknown,1,1,1,0,1,1,1,3,1,1,0,0,1,0,NA,0,0,0,0,1,83,56,56,48,10,2,11,45,5,2,6,8,4,11,6,17,10,1,216,99,NA,30,22,3,13,26,152
unknown,0,1,1,0,0,0,0,3,1,0,0,0,1,1,0,1,1,0,0,1,87,64,75,36,11,2,5,42,6,2,9,10,3,10,8,20,9,1,223,93,NA,32,19,3,17,44,144
unknown,0,1,1,0,1,1,1,3,0,0,1,0,1,1,0,1,1,0,0,1,95,72,56,54,8,2,10,44,4,2,7,10,4,10,4,18,10,1,NA,82,NA,29,23,3,12,40,NA
unknown,0,1,1,0,1,1,0,3,0,0,1,1,1,1,1,1,1,0,0,1,105,75,58,50,9,3,7,52,4,2,7,9,3,11,6,18,9,1,166,117,NA,29,21,3,13,40,NA
unknown,1,1,1,0,1,1,0,3,1,1,1,0,1,1,1,1,1,0,0,1,92,67,63,55,9,3,9,51,6,2,7,11,3,9,7,18,10,1,171,77,NA,31,23,2,13,38,161
unknown,1,1,1,0,1,1,0,2,1,1,1,0,1,1,1,1,1,0,0,1,91,66,53,54,10,2,8,53,4,3,7,10,3,10,6,20,10,1,98,83,NA,32,25,3,14,46,NA
unknown,1,1,1,0,1,1,0,3,1,0,1,0,1,1,0,1,1,0,0,1,89,70,60,60,9,2,9,43,4,3,8,10,4,12,6,19,10,1,168,77,NA,33,26,3,13,43,157
unknown,1,1,1,0,1,1,0,3,1,0,1,0,1,0,NA,0,1,0,0,1,85,67,55,49,7,3,12,57,4,3,8,10,3,9,6,23,10,1,180,76,M,29,23,3,12,35,NA
